<?xml version="1.0" encoding="UTF-8"?><rss version="2.0"
	xmlns:content="http://purl.org/rss/1.0/modules/content/"
	xmlns:wfw="http://wellformedweb.org/CommentAPI/"
	xmlns:dc="http://purl.org/dc/elements/1.1/"
	xmlns:atom="http://www.w3.org/2005/Atom"
	xmlns:sy="http://purl.org/rss/1.0/modules/syndication/"
	xmlns:slash="http://purl.org/rss/1.0/modules/slash/"
	>

<channel>
	<title>KawaiiDoro - Where Cuteness Meets Progress!</title>
	<atom:link href="/tag/basics/feed/" rel="self" type="application/rss+xml" />
	<link>/</link>
	<description>Where Cuteness Meets Progress!</description>
	<lastBuildDate>Tue, 05 Mar 2024 04:20:45 +0000</lastBuildDate>
	<language>en-US</language>
	<sy:updatePeriod>
	hourly	</sy:updatePeriod>
	<sy:updateFrequency>
	1	</sy:updateFrequency>
	<generator>https://wordpress.org/?v=6.6.1</generator>

<image>
	<url>/wp-content/uploads/2024/01/cropped-cat-1-32x32.webp</url>
	<title>KawaiiDoro - Where Cuteness Meets Progress!</title>
	<link>/</link>
	<width>32</width>
	<height>32</height>
</image> 
	<item>
		<title>Pomodoro Basics with Kawaiidoro</title>
		<link>/pomodoro-basics-with-kawaiidoro/</link>
		
		<dc:creator><![CDATA[EXIA]]></dc:creator>
		<pubDate>Tue, 05 Mar 2024 00:28:11 +0000</pubDate>
				<category><![CDATA[Pomodoro]]></category>
		<category><![CDATA[Basics]]></category>
		<category><![CDATA[Time Mangement]]></category>
		<guid isPermaLink="false">/?p=389</guid>

					<description><![CDATA[<p>Discover the ultimate guide to mastering time management with the Pomodoro Technique, enhanced by a delightful kawaii anime twist through Kawaiidoro. Explore step-by-step implementation, tips for effective sessions, and the benefits of this proven method.</p>
<p>The post <a href="/pomodoro-basics-with-kawaiidoro/">Pomodoro Basics with Kawaiidoro</a> appeared first on <a href="/">KawaiiDoro</a>.</p>
]]></description>
		
		
		
			</item>
		<item>
		<title>Getting Started with Pomodoro</title>
		<link>/getting-started-with-pomodoro/</link>
		
		<dc:creator><![CDATA[EXIA]]></dc:creator>
		<pubDate>Mon, 29 Jan 2024 10:18:30 +0000</pubDate>
				<category><![CDATA[Pomodoro]]></category>
		<category><![CDATA[Basics]]></category>
		<category><![CDATA[Time Mangement]]></category>
		<guid isPermaLink="false">/?p=348</guid>

					<description><![CDATA[<p>Dive into the world of Pomodoro with our beginner-friendly guide! Learn how to boost productivity, conquer procrastination, and make the most of your time. Time management just got a whole lot more exciting!</p>
<p>The post <a href="/getting-started-with-pomodoro/">Getting Started with Pomodoro</a> appeared first on <a href="/">KawaiiDoro</a>.</p>
]]></description>
		
		
		
			</item>
		<item>
		<title>Pomodoro Technique 101</title>
		<link>/pomodoro-technique-101/</link>
		
		<dc:creator><![CDATA[EXIA]]></dc:creator>
		<pubDate>Fri, 26 Jan 2024 18:29:35 +0000</pubDate>
				<category><![CDATA[Pomodoro]]></category>
		<category><![CDATA[Basics]]></category>
		<category><![CDATA[Time Mangement]]></category>
		<guid isPermaLink="false">/?p=317</guid>

					<description><![CDATA[<p>Do you know that using Pomodoro Technique can help you increase your productivity many times over? Learn all about it in this article</p>
<p>The post <a href="/pomodoro-technique-101/">Pomodoro Technique 101</a> appeared first on <a href="/">KawaiiDoro</a>.</p>
]]></description>
		
		
		
			</item>
	</channel>
</rss>
