<?xml version="1.0" encoding="UTF-8"?><rss version="2.0"
	xmlns:content="http://purl.org/rss/1.0/modules/content/"
	xmlns:wfw="http://wellformedweb.org/CommentAPI/"
	xmlns:dc="http://purl.org/dc/elements/1.1/"
	xmlns:atom="http://www.w3.org/2005/Atom"
	xmlns:sy="http://purl.org/rss/1.0/modules/syndication/"
	xmlns:slash="http://purl.org/rss/1.0/modules/slash/"
	>

<channel>
	<title>Psychological Science Archives - KawaiiDoro</title>
	<atom:link href="/tag/psychological-science/feed/" rel="self" type="application/rss+xml" />
	<link>/tag/psychological-science/</link>
	<description>Where Cuteness Meets Progress!</description>
	<lastBuildDate>Fri, 21 Jun 2024 07:53:17 +0000</lastBuildDate>
	<language>en-US</language>
	<sy:updatePeriod>
	hourly	</sy:updatePeriod>
	<sy:updateFrequency>
	1	</sy:updateFrequency>
	<generator>https://wordpress.org/?v=6.6.1</generator>

<image>
	<url>/wp-content/uploads/2024/01/cropped-cat-1-32x32.webp</url>
	<title>Psychological Science Archives - KawaiiDoro</title>
	<link>/tag/psychological-science/</link>
	<width>32</width>
	<height>32</height>
</image> 
	<item>
		<title>The Science Behind the Pomodoro Technique</title>
		<link>/the-science-behind-the-pomodoro-technique/</link>
		
		<dc:creator><![CDATA[EXIA]]></dc:creator>
		<pubDate>Fri, 21 Jun 2024 07:50:42 +0000</pubDate>
				<category><![CDATA[Pomodoro]]></category>
		<category><![CDATA[Journal of Occupational Health Psychology]]></category>
		<category><![CDATA[Mihaly Csikszentmihalyi]]></category>
		<category><![CDATA[Neuropsychopharmacology]]></category>
		<category><![CDATA[Psychological Science]]></category>
		<guid isPermaLink="false">/?p=423</guid>

					<description><![CDATA[<p>The Pomodoro Technique harnesses cognitive science to boost productivity by breaking work into 25-minute intervals with regular breaks. This method leverages focused attention, dopamine-driven motivation, and the brain's natural rhythms to enhance concentration, prevent burnout, and improve memory, offering a balanced, effective approach to time management and task completion.</p>
<p>The post <a href="/the-science-behind-the-pomodoro-technique/">The Science Behind the Pomodoro Technique</a> appeared first on <a href="/">KawaiiDoro</a>.</p>
]]></description>
		
		
		
			</item>
	</channel>
</rss>
