<?xml version="1.0" encoding="UTF-8"?><rss version="2.0"
	xmlns:content="http://purl.org/rss/1.0/modules/content/"
	xmlns:wfw="http://wellformedweb.org/CommentAPI/"
	xmlns:dc="http://purl.org/dc/elements/1.1/"
	xmlns:atom="http://www.w3.org/2005/Atom"
	xmlns:sy="http://purl.org/rss/1.0/modules/syndication/"
	xmlns:slash="http://purl.org/rss/1.0/modules/slash/"
	>

<channel>
	<title>Slip-Box Archives - KawaiiDoro</title>
	<atom:link href="/tag/slip-box/feed/" rel="self" type="application/rss+xml" />
	<link>/tag/slip-box/</link>
	<description>Where Cuteness Meets Progress!</description>
	<lastBuildDate>Fri, 12 Jul 2024 04:04:49 +0000</lastBuildDate>
	<language>en-US</language>
	<sy:updatePeriod>
	hourly	</sy:updatePeriod>
	<sy:updateFrequency>
	1	</sy:updateFrequency>
	<generator>https://wordpress.org/?v=6.6.1</generator>

<image>
	<url>/wp-content/uploads/2024/01/cropped-cat-1-32x32.webp</url>
	<title>Slip-Box Archives - KawaiiDoro</title>
	<link>/tag/slip-box/</link>
	<width>32</width>
	<height>32</height>
</image> 
	<item>
		<title>Integrating and Zettelkasten Method for Maximum Productivity</title>
		<link>/integrating-and-zettelkasten-method-for-maximum-productivity/</link>
		
		<dc:creator><![CDATA[EXIA]]></dc:creator>
		<pubDate>Fri, 12 Jul 2024 04:03:15 +0000</pubDate>
				<category><![CDATA[Pomodoro]]></category>
		<category><![CDATA[Slip-Box]]></category>
		<category><![CDATA[Zettlekasten]]></category>
		<guid isPermaLink="false">/?p=438</guid>

					<description><![CDATA[<p>While each offers distinct benefits on its own, combining them can create a powerful synergy that enhances focus, learning, and creativity.</p>
<p>The post <a href="/integrating-and-zettelkasten-method-for-maximum-productivity/">Integrating and Zettelkasten Method for Maximum Productivity</a> appeared first on <a href="/">KawaiiDoro</a>.</p>
]]></description>
		
		
		
			</item>
	</channel>
</rss>
