<?xml version="1.0" encoding="UTF-8"?><rss version="2.0"
	xmlns:content="http://purl.org/rss/1.0/modules/content/"
	xmlns:wfw="http://wellformedweb.org/CommentAPI/"
	xmlns:dc="http://purl.org/dc/elements/1.1/"
	xmlns:atom="http://www.w3.org/2005/Atom"
	xmlns:sy="http://purl.org/rss/1.0/modules/syndication/"
	xmlns:slash="http://purl.org/rss/1.0/modules/slash/"
	>

<channel>
	<title>KawaiiDoro - Where Cuteness Meets Progress!</title>
	<atom:link href="/tag/taking-breaks/feed/" rel="self" type="application/rss+xml" />
	<link>/</link>
	<description>Where Cuteness Meets Progress!</description>
	<lastBuildDate>Thu, 29 Feb 2024 19:41:50 +0000</lastBuildDate>
	<language>en-US</language>
	<sy:updatePeriod>
	hourly	</sy:updatePeriod>
	<sy:updateFrequency>
	1	</sy:updateFrequency>
	<generator>https://wordpress.org/?v=6.6.1</generator>

<image>
	<url>/wp-content/uploads/2024/01/cropped-cat-1-32x32.webp</url>
	<title>KawaiiDoro - Where Cuteness Meets Progress!</title>
	<link>/</link>
	<width>32</width>
	<height>32</height>
</image> 
	<item>
		<title>How Breaks Affect Your Concentration Levels</title>
		<link>/how-breaks-affect-your-concentration-levels/</link>
		
		<dc:creator><![CDATA[EXIA]]></dc:creator>
		<pubDate>Fri, 16 Feb 2024 06:13:50 +0000</pubDate>
				<category><![CDATA[Pomodoro]]></category>
		<category><![CDATA[Taking Breaks]]></category>
		<guid isPermaLink="false">/?p=374</guid>

					<description><![CDATA[<p>Why taking regular breaks in your pomodoro session is more important than you think. Learn how taking breaks can improve your concentration.</p>
<p>The post <a href="/how-breaks-affect-your-concentration-levels/">How Breaks Affect Your Concentration Levels</a> appeared first on <a href="/">KawaiiDoro</a>.</p>
]]></description>
		
		
		
			</item>
	</channel>
</rss>
