<?xml version="1.0" encoding="UTF-8"?><rss version="2.0"
	xmlns:content="http://purl.org/rss/1.0/modules/content/"
	xmlns:wfw="http://wellformedweb.org/CommentAPI/"
	xmlns:dc="http://purl.org/dc/elements/1.1/"
	xmlns:atom="http://www.w3.org/2005/Atom"
	xmlns:sy="http://purl.org/rss/1.0/modules/syndication/"
	xmlns:slash="http://purl.org/rss/1.0/modules/slash/"
	>

<channel>
	<title>KawaiiDoro - Where Cuteness Meets Progress!</title>
	<atom:link href="/category/uncategorized/feed/" rel="self" type="application/rss+xml" />
	<link>/</link>
	<description>Where Cuteness Meets Progress!</description>
	<lastBuildDate>Fri, 12 Jul 2024 05:01:29 +0000</lastBuildDate>
	<language>en-US</language>
	<sy:updatePeriod>
	hourly	</sy:updatePeriod>
	<sy:updateFrequency>
	1	</sy:updateFrequency>
	<generator>https://wordpress.org/?v=6.6.1</generator>

<image>
	<url>/wp-content/uploads/2024/01/cropped-cat-1-32x32.webp</url>
	<title>KawaiiDoro - Where Cuteness Meets Progress!</title>
	<link>/</link>
	<width>32</width>
	<height>32</height>
</image> 
	<item>
		<title>Pomodoro Technique for Students: How to Boost Study Sessions</title>
		<link>/pomodoro-technique-for-students-how-to-boost-study-sessions/</link>
		
		<dc:creator><![CDATA[EXIA]]></dc:creator>
		<pubDate>Fri, 12 Jul 2024 05:01:28 +0000</pubDate>
				<category><![CDATA[Uncategorized]]></category>
		<guid isPermaLink="false">/?p=544</guid>

					<description><![CDATA[<p>Pomodoro Technique for Students: How to Boost Study Sessions In the journey of education, students often encounter the challenge of managing time effectively while staying focused and motivated. One of the most powerful tools to address these challenges is the Pomodoro Technique, a time management method that can significantly enhance study sessions. In this blog, [&#8230;]</p>
<p>The post <a href="/pomodoro-technique-for-students-how-to-boost-study-sessions/">Pomodoro Technique for Students: How to Boost Study Sessions</a> appeared first on <a href="/">KawaiiDoro</a>.</p>
]]></description>
		
		
		
			</item>
	</channel>
</rss>
