<?xml version="1.0" encoding="UTF-8"?><rss version="2.0"
	xmlns:content="http://purl.org/rss/1.0/modules/content/"
	xmlns:wfw="http://wellformedweb.org/CommentAPI/"
	xmlns:dc="http://purl.org/dc/elements/1.1/"
	xmlns:atom="http://www.w3.org/2005/Atom"
	xmlns:sy="http://purl.org/rss/1.0/modules/syndication/"
	xmlns:slash="http://purl.org/rss/1.0/modules/slash/"
	>

<channel>
	<title>KawaiiDoro - Where Cuteness Meets Progress!</title>
	<atom:link href="/tag/step-by-step/feed/" rel="self" type="application/rss+xml" />
	<link>/</link>
	<description>Where Cuteness Meets Progress!</description>
	<lastBuildDate>Wed, 26 Jun 2024 00:09:40 +0000</lastBuildDate>
	<language>en-US</language>
	<sy:updatePeriod>
	hourly	</sy:updatePeriod>
	<sy:updateFrequency>
	1	</sy:updateFrequency>
	<generator>https://wordpress.org/?v=6.6.1</generator>

<image>
	<url>/wp-content/uploads/2024/01/cropped-cat-1-32x32.webp</url>
	<title>KawaiiDoro - Where Cuteness Meets Progress!</title>
	<link>/</link>
	<width>32</width>
	<height>32</height>
</image> 
	<item>
		<title>5 Easy Steps to Get Things Done with the Pomodoro Technique</title>
		<link>/5-easy-steps-to-get-things-done-with-the-pomodoro-technique/</link>
		
		<dc:creator><![CDATA[EXIA]]></dc:creator>
		<pubDate>Mon, 29 Jan 2024 16:51:31 +0000</pubDate>
				<category><![CDATA[Pomodoro]]></category>
		<category><![CDATA[Step-By-Step]]></category>
		<guid isPermaLink="false">/?p=364</guid>

					<description><![CDATA[<p>Want to get things done but can't seem to do anything? Here are 5 easy steps to get things done with the pomodoro technique</p>
<p>The post <a href="/5-easy-steps-to-get-things-done-with-the-pomodoro-technique/">5 Easy Steps to Get Things Done with the Pomodoro Technique</a> appeared first on <a href="/">KawaiiDoro</a>.</p>
]]></description>
		
		
		
			</item>
	</channel>
</rss>
