<?xml version="1.0" encoding="UTF-8"?><rss version="2.0"
	xmlns:content="http://purl.org/rss/1.0/modules/content/"
	xmlns:wfw="http://wellformedweb.org/CommentAPI/"
	xmlns:dc="http://purl.org/dc/elements/1.1/"
	xmlns:atom="http://www.w3.org/2005/Atom"
	xmlns:sy="http://purl.org/rss/1.0/modules/syndication/"
	xmlns:slash="http://purl.org/rss/1.0/modules/slash/"
	>

<channel>
	<title>KawaiiDoro - Where Cuteness Meets Progress!</title>
	<atom:link href="/tag/history/feed/" rel="self" type="application/rss+xml" />
	<link>/</link>
	<description>Where Cuteness Meets Progress!</description>
	<lastBuildDate>Thu, 29 Feb 2024 19:47:32 +0000</lastBuildDate>
	<language>en-US</language>
	<sy:updatePeriod>
	hourly	</sy:updatePeriod>
	<sy:updateFrequency>
	1	</sy:updateFrequency>
	<generator>https://wordpress.org/?v=6.6.1</generator>

<image>
	<url>/wp-content/uploads/2024/01/cropped-cat-1-32x32.webp</url>
	<title>KawaiiDoro - Where Cuteness Meets Progress!</title>
	<link>/</link>
	<width>32</width>
	<height>32</height>
</image> 
	<item>
		<title>The History and Evolution of the Pomodoro Technique</title>
		<link>/the-history-and-evolution-of-the-pomodoro-technique/</link>
		
		<dc:creator><![CDATA[EXIA]]></dc:creator>
		<pubDate>Sun, 28 Jan 2024 17:23:13 +0000</pubDate>
				<category><![CDATA[Pomodoro]]></category>
		<category><![CDATA[History]]></category>
		<guid isPermaLink="false">/?p=323</guid>

					<description><![CDATA[<p>How did Pomodoro Technique start? What is the history of Pomodoro? Learn all about the history of Pomodoro in this article</p>
<p>The post <a href="/the-history-and-evolution-of-the-pomodoro-technique/">The History and Evolution of the Pomodoro Technique</a> appeared first on <a href="/">KawaiiDoro</a>.</p>
]]></description>
		
		
		
			</item>
	</channel>
</rss>
