<?xml version="1.0" encoding="UTF-8"?><rss version="2.0"
	xmlns:content="http://purl.org/rss/1.0/modules/content/"
	xmlns:wfw="http://wellformedweb.org/CommentAPI/"
	xmlns:dc="http://purl.org/dc/elements/1.1/"
	xmlns:atom="http://www.w3.org/2005/Atom"
	xmlns:sy="http://purl.org/rss/1.0/modules/syndication/"
	xmlns:slash="http://purl.org/rss/1.0/modules/slash/"
	>

<channel>
	<title>Focus Archives - KawaiiDoro</title>
	<atom:link href="/tag/focus/feed/" rel="self" type="application/rss+xml" />
	<link>/tag/focus/</link>
	<description>Where Cuteness Meets Progress!</description>
	<lastBuildDate>Fri, 12 Jul 2024 03:49:30 +0000</lastBuildDate>
	<language>en-US</language>
	<sy:updatePeriod>
	hourly	</sy:updatePeriod>
	<sy:updateFrequency>
	1	</sy:updateFrequency>
	<generator>https://wordpress.org/?v=6.6.1</generator>

<image>
	<url>/wp-content/uploads/2024/01/cropped-cat-1-32x32.webp</url>
	<title>Focus Archives - KawaiiDoro</title>
	<link>/tag/focus/</link>
	<width>32</width>
	<height>32</height>
</image> 
	<item>
		<title>Understanding Focus and Productivity</title>
		<link>/understanding-focus-and-productivity/</link>
		
		<dc:creator><![CDATA[EXIA]]></dc:creator>
		<pubDate>Fri, 12 Jul 2024 03:49:30 +0000</pubDate>
				<category><![CDATA[Pomodoro]]></category>
		<category><![CDATA[Focus]]></category>
		<category><![CDATA[Productivity]]></category>
		<category><![CDATA[S.M.A.R.T]]></category>
		<guid isPermaLink="false">/?p=432</guid>

					<description><![CDATA[<p>Maintaining focus and productivity in our distraction-filled world can feel like an uphill battle. Learn how to focus better with pomdoro</p>
<p>The post <a href="/understanding-focus-and-productivity/">Understanding Focus and Productivity</a> appeared first on <a href="/">KawaiiDoro</a>.</p>
]]></description>
		
		
		
			</item>
	</channel>
</rss>
